review_uuid,review,sentiment
7763191a-c8d0-4ecb-b017-d10e2ff7e81b,camera quality is very very poor not look like that it is apple product waste of money,negative
382b47c6-c42c-48b9-b5ce-a1fcf6390017,leaking from the big neck cap whike mixing the shakedidnt expected that,negative
53d8d5cf-d78f-4463-9808-b58415124428,performance not well its taking too much time around 50 to 55 minutes,negative
87c819bb-2fb4-4cdf-897f-6ff9a1556923,not better but okay,negative
7f27e3b5-1368-4a1c-9dc4-332c07fcd3d0,product quality is very poor its made of some smelly rubber this is surely not a football but some cheap quality rubber ball made as football product quality 2 starsdelivery again rocks i got this product in very short time,negative
af7d64c9-da55-4515-9dd0-68630bfb9552,very excellent product,positive
cb15fc26-8518-4a47-aed0-7fa59c1704e9,not worth for the price low quality,negative
c5385f5b-db4e-44b5-b565-83a8f41f2871,useless one not even1 used once ,negative
ca52992e-7c50-48b3-bc2f-7d93b7e634b9,nice,positive
4a5449ec-9fa4-4487-87bf-3913db3beffc,sound and bass quality is very poor i want to return this product ,negative
d50ede44-9e2a-41d7-9173-39031c5e52d6,very good,positive
6e060b24-0576-4b4c-bc22-4a15383d2996,i am feeling very well,positive
30ef302b-ae4b-4811-9b5e-3756a89e36b9,power backup could have been better takes too much time for charging build quality is great,positive
9574d406-3e82-4f73-a28d-886c1d6de672,good,positive
9ca44865-0e21-4fab-8b4c-c402d285ced8,super slightly body damaged,negative
4cd7832a-38e9-41f9-929f-7d1a700a662f,very nice,positive
8d0292f8-11e8-434d-ac9f-f752386927c6,it doesnt have proper bottle holder its not ment as per indian needs cant utilise space properly,negative
feb4c65c-97d1-42dc-8002-1b4b4b485fbb,handle is nt goodfood ready donot switch off this steamer,positive
2eea0436-b4dc-4d24-a8a6-e3b8c5aeb034,received damaged product and no replacement also for this product,negative
f502943a-9181-4907-88a6-225a1fc87ea9,not ok,negative
ecaf59e6-1a85-43ce-b8c3-92b1b772a85d,very bad product waste of money bad in frame and hate the almunium frame of cycle,negative
336f4606-2543-4004-8e79-887ffc94a5fd,best for honor play look like a original charger,positive
d0630c40-58a3-4471-9fb5-aa47909b5a99,worth for money,positive
888f60fa-86bf-404a-9e35-687b8b1c2b0b,wrost quality this make me nervous this is my first order and i got duplicate product this type of business make bad name to flipkart please dont encourage this type of goods your company is not a naptol,negative
9fff6a25-e0a7-4f11-aabc-bf1ced0cbeb7,good,positive
e5ce3d5d-86da-46d1-af38-8673ceed3c1e,water pump not working,negative
584fbe20-805f-4b6b-b8ed-c5081339153c,the technician is bypassing the pressure switch saying that that water pressure is low but actually that was not the case the water pressure was ok then after a ensisting he rejoined the pressure switch,negative
c5ef74ed-5a76-456d-8f22-dc6ab24b1fbb,good product,positive
d5da473b-b81d-49fa-bf03-af3f72a64f43,worst product ever seen before within 6 months gas problem and now refrigerator is not working cooling issue dont know what happened now waste of money literally we can throw this product in dustbin,negative
d98c8868-acbb-49f5-b357-423219b10336,nice,positive
33e07a90-fd1b-4fda-8023-bebac9ee47bc,very bad performance,negative
747200fe-60d0-4ebb-8abe-1c75743f7a2f,very poor performance service also not satisfactory,negative
7976f6bb-f55f-40fd-8b41-bdc263ec8b4a,low ,negative
1f87b2a3-3e5b-442d-93ff-baca26de93c2,power output is low so you have to buy 90w or above,negative
06c1b32e-17fa-4c24-84f4-c6d9ed456335,i received damage products,negative
262d1a00-58b7-4d88-9c12-6bc03e09e631,worse,negative
06ab8fac-2a3c-4406-8461-1f4f0a515bf4,very good,positive
1f77758d-1360-470c-9e98-645ed64c48d7,go for it this product is amazing ,positive
8d7d4de8-49cd-4cc9-9a8a-0a1a9bc25efa,not good,negative
7b66813d-23b2-474a-8cd8-5b59aabb11d7,no doubt multitasking and performance is just awesomeit really handle heavy task as well as graphic intensive games very smoothly but one point here due to metal body if u hold in hands it feels so hot after playing heavy gamesbut doesnt overheat thanks ,negative
b870d858-9828-4d36-a574-2e21eab84849,very low chip kwalityi am not a happy ,negative
cec6c2ad-216c-43dd-b1f9-90849822f4cb,available only for one wrist,negative
aa56f3b5-4241-4352-9ece-d43274846e2b,this product is not good,negative
fbdd4073-46a2-4e8a-969f-f6c97487efd1,good product best guaalty,positive
9df42645-4769-4de3-8679-835ba7f6e227,i always buy it good quality,positive
6ce96ead-73b8-420b-a357-27079abd47c1,cooling not yet very bed product,negative
1d6cae40-65ad-423f-87a9-3087aaffc158,good but sound is more,positive
a7979c6b-0c63-4142-b318-c2af92e6ec55,good product,positive
2acb5221-eca1-4691-88ca-884946448d32,nice ,positive
84b055e9-707e-4175-98af-c63685b91b8d,there is no drain pump in the entire system we need to manually suck the water using a pipe and even that doesnt fully drain and there is residual water there is no space to atleast try putting a cloth to clear the little water and the sediments even the cooling is not upto mark and the water level is moving from max to min within few hours even though the speed is not at the maximum,negative
c3db33b8-9b8e-426b-b1cf-57d28755c389,it was a fantastic product i love mivi quality specially this soundbar had a great bass and sound qualitythe build quality is also good it is a steal deal in this price range go for it,positive
45987fac-6523-4cc8-8a4d-ea97023eb1f0,i am using this awesome product from almost 15 days i am fully satisfied with its performance jars quality could have been better it makes very less noise compared to my 20y old onida mixie it has powerful motor that can perform any task with ease it comes with 2y over all product warranty 5y motor warranty which is awesome i mainly bought it to knead dough scrape coconut it perform both tasks easily effectively i havent used juicer yet so cant comment on it over all very ,positive
d8154e82-3d0a-4b0a-b386-4ea5e678a5d7,defective product air flow too low,negative
0c28340f-d7f3-4ee8-8359-a5a4c29e5d3a,best keyboard i love click sound ,positive
9926f7b6-86dc-4696-9835-dc1c920b3404,bad quality,negative
d21d5d8a-4ec4-4804-94d9-22bb63b132f9,good but not great i was using fx10 earlier i really loved the quality and the food processor lasted for like 5 years of almost daily usage then i thought of buying fx11 but o must say i was disappointed the plastic used the build the jars are not at par with what i purchased 5 years back its of much cheaper quality also the edges of tbe jars are not smooth and the plastic pieces used to come out earlier while using the jars not sure if its problem with fx11 model only or bajaj has d,negative
70e59961-b9de-4a19-b8e5-2611bd3ffd5e,nice,positive
d8f5894f-b8e8-47d5-9234-714bb56826fe,good product but not comfortable,negative
84b930f3-1f95-48fa-8eb5-9e28b9a83208,note bad,negative
8a87be6a-53bb-48d9-8a6b-61f37aadd184,good quality and i am so happy,positive
57e160da-3c85-4c17-afe3-6f07a096cf7a,it is the best quality product,positive
c3f7394d-ca05-4582-aee3-a417bc60647d,an original charger in low price by flipkart fast delivery also thank u flipkart must buy without any hesitation ,positive
22d56003-9203-4e65-9e30-ccaadc445cbd,not satisfied,negative
c703650c-9657-4f45-8575-c90b022b14eb,product received with defect,negative
2577c05b-50b6-41b1-945f-045ecf1da20c,no cooling,negative
a9fb41a1-8301-4763-a7dc-1eb05af1758c,i dont like,negative
b664e62f-5707-4db5-932c-8ccc798b6948,nice taste,positive
1ba01a14-2073-42f1-8600-5302272e2cb9,awesome product,positive
a5eb3eb5-fc4a-44a4-8564-fd894bed003d,dont buy this product very bed build quality,negative
f79d5ab7-7ddc-4330-8ff6-bac4e11dc167,worst product was not working from second day,negative
d3f943cf-1f1b-423c-bd8d-c197adb8c43c,worst modem 5g signal is disconnecting frequently,negative
b5d7c988-5cc2-47a2-9015-f401635c8ecf,mobile network problem and camera is not good,negative
dd0767a0-e865-4288-80fb-a6c240823dfa,quality is not so good it makes lots of noise when used,negative
acf2c073-f24c-4c44-a5ff-f0711c0d478b,its a good one for day to day task or stitching also to making different design but it is not suitable to heavy use for example four layer of cloth especially pant aur theek cloth,positive
36173d6c-d925-4daf-b2a0-6875766df57f,very very bad product please dont buy it,negative
d64ccd3b-d268-4afa-a881-533f8c9753a3,very useful,positive
5bac3fdc-4aac-4bc9-a15d-9d6c3e574a85,good,positive
0a940d6e-ecc8-4fda-9eb2-731376c09df8,not working properly,negative
a2fe9617-de21-400b-9e4b-852fa8fe7e77,its okay,positive
fd2bc1fe-18b0-485c-afb4-5345809557bb,football size is small and the colure finished and the football puncher bad product,negative
e457b4e6-6a70-42a7-b3c3-79911db64cca,when deliver this cooler then after 5 min run air flow swing stop not good experience,negative
ab43412c-f95e-4340-bc0d-f5a507a00190,nice,positive
0cf6b32f-fd4d-4b59-a2ea-fed4cc8b5388,good product good design good backup ,positive
a870ca67-d83f-4e07-8d27-30f790cc1959,worst productworked only for one week,negative
3f08b9d9-91b5-4edd-bf0c-2a57c8d8c064,88 l is too heavy not much cooling just okay no return option,negative
e6578b02-0ecf-4c3f-b12d-cb0439f79823,great sound and good experience,positive
cda04ebc-871d-410d-889d-0c2a916a6895,good,positive
e85bc9e6-6a8f-43c4-b52c-552dfb8b53c3,not as good as you saw money,negative
1cc1063c-b2b0-498a-a82f-cfcec95a4c04,quality is bad,negative
7daeeb92-7d27-4cd8-a5cd-38aa015b7ede,this hometheatore is work isvery bad quality is very lo quality bass lo bass sound quality is never comes hometheatore quality is never its down function bass subwoofer subwoofer is very small size ican chose side subwoofer its down function and sound quality is very lo ican expect more and thank you flipkart,negative
00865ecd-7a2f-4ae0-a552-f417e2180214,water purifier is good but they need to improve costomer care service and installation service,positive
31a2338f-2dbe-470f-85c9-72ffd793f326,nice car cleaner,positive
7f24c371-bcff-4cd6-9169-fcba715abb9b,very bad i received dry product not acceptable,negative
cd4e34b5-2a4b-4744-90bf-98524ca31ec8,very good febric,positive
87f8dda3-f169-435e-8ea5-0ef26d9e93b6,good,positive
acc16d3f-db4d-4c87-b196-b7c2b7f741dc,beautiful product,positive
674e2c32-1049-4a0f-b4c7-f5091c717386,looks good but quality of the cloth is really very bad,negative
0305025d-c639-41c4-8fe7-8578b6e99580,better,positive
0a16aca4-9a33-4f1a-b9f7-3ee883ce3583,you will not get the windows officewordpptexcel for free with this purchase,positive
abe717ff-4d8f-4bf3-9a50-fe0c028cef39,good,positive
784d55fd-36c5-460f-9a52-61701d27c30c,nice ,positive
be4da4be-6c3d-4368-a058-389445d56cb0,good product,positive
28a51f65-97ac-42ca-922c-229c8da54c13,i always like lakme kajolits longlastingi really liked it,positive
c1778ca8-127d-47b3-890f-5b3f88158716,sound quality zero picture quality zero,negative
1efbec14-2c9e-4ef6-a10f-6ec4eb6c8154,quality is very poor not working properly,negative
03ad5bc7-b43e-4395-88a9-ca370b3df947,awesome product samsung great,positive
78bea1f2-d0fa-4f18-a6e8-2b0a36f07208,the product is good but service is bad,negative
5269195d-b2e8-4258-9ba8-b4352df361ac,quality not good,negative
5eed2d42-cbc5-42d2-8053-f00260ac5099,i bought in 1499 from flipkartits perfect in that price looks good,positive
af35e91b-d1d0-4422-b612-ed90f66a8580,good,positive
539f1430-f031-4a8e-a095-45eb0bb24672,product is first classbest one in 650 but 3 stars due to torn box and no warranty card inside it and no proper packaging,negative
19955ace-2ef6-4241-b907-435da33b5416,picture quality is average sound is good screen mirroring is not working and still not solved worst experience from mi engineers and flipkart customer support,positive
8f8c0ba0-be31-421f-beab-05f37b1f253a,decent purchase,positive
a7daa8a8-b5c5-4919-9d4b-3cf4f6e2c757,low quality product,negative
18435699-0f5a-4b33-82bf-20365c8193a7,good productdelivered in few days,positive
e296d3c4-9603-461f-863e-3bf23e28fea8,not good experience with mivi within 2 months of use volume quality became poor and bluetooth connectivity issue sometime no audio output from speaker,negative
a9d5cc68-b37d-4d6d-97b7-75203e3e796d,its is a good product overallstoring capacity is enough for small here n there cleaningsproduct quality and packaging is very good attachments are given in boxsometimes felt like the suction power is lowbut it does the job well,positive
d96a3531-a178-44cf-b6f7-507186b4f4d7,this is problem,negative
81bf6646-052b-4f1a-83e9-2fc735dd6d4e,very weast product,negative
1c56e5ba-192f-401c-8f58-ee0cd2b013e7,there is no analog watch face in store activity features also dont work properly total waste,negative
cf9e50b1-bec5-4342-9b17-93f8f53b8e43,good,positive
c296c31b-90a2-479c-9573-65287907408f,very slow processes and hanging alway not a good product performance is very slow,negative
839059ad-6b5c-4c16-b865-04fada9a74c1,very bad,negative
291febcd-df1d-4fe2-82df-931c376585aa,colour sound connectivity everything is too good,positive
5f9f249a-c126-4dfd-929f-21275cc5b4fc,love it,positive
ec1b8272-e7b7-4c1e-a2ec-c774561427ba,not good d,negative
cf1a6b37-252f-431d-8fd8-abf820b6180c,for those who want bass dont purchase bass is not bad but is not super awesome sound quality is perfect very comfortable very nice design microphone is awesome battery backup is what i liked the most 2hrs of charging gives you 78 hrs of continous useoverall these are worth your money,positive
bb266a80-7201-4a66-b94c-01d3f230754a,camera is not so goodface lock not work properlybattery backup is awesomemassive 11inch display,negative
01d56934-6ef6-444f-9828-952682d7b123,nice,positive
e7e1eab7-6fb4-44cf-91dc-446395e30286,ghatia,negative
83a1602b-ca14-4ab0-b8c5-3473109904c3,a stabilizer is required for it which was not told in details space for vegetables is not suitable used totally for preserving it as the base is small,negative
e1a60d8c-d300-42e3-bf07-78c69713aeb9,nice,positive
bf176c20-0eda-447e-b786-785aa8bbdbdd,fragrance not good,negative
eb820a7b-f150-4b34-996f-2d5024e5a8fa,good i am happy,positive
bd76aa0f-93a0-4f28-89e1-9b58e2cbdaa9,not good,negative
f355d453-b60c-4a56-a07a-3ef38a309632,awesome product ,positive
55e86eed-2499-4b9b-994b-6b967d111fc5,its not good one if you are buying for playing in ground dont just buy it if you are buying for childrens it will be good ,negative
45c0a9ab-5da0-445c-85ba-f800355b3f74,good product,positive
4dadcfb3-a1d0-449c-acdc-561a593d4d77,too noisy and up down grill automatically down drain plug not provided,negative
d7f362ab-ef44-4a87-9df5-ed1c3384aa0f,received broken pieces not well,negative
923f243a-ccdb-4f22-a018-6fbbafc27ece,i expected about it more than denver hamilton caliber due to the reviews and stars but disappointed in my opinion its an over rated product from hamilton series perfumes of denver,negative
66012479-0b23-4349-8a0e-ea0b12391f5f,good,positive
31cdc5d9-42cf-4834-9486-86c7c6c09343,good one,positive
5777af8d-1592-4a3b-8363-c05f810f41b2,no smell,negative
06c0896e-ae80-4a44-a5c3-23234ab5c4f6,amazing sounds quality and bass extremely good and battery backup very good,positive
0734caf7-b57c-49ff-9a1b-1b380080af86,if you want to space dont go for this refrigerator,negative
00082c0c-3d5a-496c-a78c-94016471255a,this product is very helpful in daily life like to chill out by listening song to remembers your small scheduled plan throughout the day,positive
dbb15de5-d568-412b-b246-7418b28a37f5,mi copy,negative
1536cc53-15aa-493e-ac5c-452d68879627,the ball was so hard and childrens cannot play with it,negative
cb87fd3a-f5ff-4452-8bc5-d140befed5b1,waste producti dont know how this product qualified flipkart quality check,negative
7a1cc17a-0961-4740-ba67-b69f275b61cf,it was awesome,positive
3411990d-f809-4280-a747-d3daf53b3551,best one,positive
ba6b4b88-8872-4ad4-b093-091b2558fcda,problem slow processor for calls camera back overall ok front tottaly waste display okbattery superperformance just good overall mobile 70100 per mobile capacity and rate ,negative
37ed8472-30c6-4d37-a4e4-6c6855a70f8b,nice,positive
4ac2cfb0-301e-4150-8405-b1613ab999a2,nice product ,positive
227a61d0-7b17-4a52-9840-d70ad66ab305,cooling is good it depends where you placing cooler dont place the cooler close to window the humidity will be high keep the distance of atlist 89 feet from window and open the window ive already tried the same previously it was close to my window and it felt like more humidity wet body so irritating but now the distance is 9 feet from window and the right side of the cooler is face to window and the cooling is awesome now im decreasing the fan speed at night,positive
dcbd1a76-1446-47c6-b77a-49db1cd93919,very worst product,negative
8a83d2e6-1901-4467-931c-f7093f36639e,low quality not good,negative
a4191956-49b9-4d95-bccf-80a931c58486,very nice product,positive
3be20b62-1c57-4a09-922b-77bbd1533fff,very bad experience,negative
816280d5-062e-4a78-b960-97982517f801,poor quality,negative
1d829d27-0dd2-4cdb-96c6-91a1b0fc65ac,best quality,positive
f9322249-58fb-4caf-8f23-8076153ed4fa,nice ek number power bank,positive
2bdd4d36-a7d7-42b6-b996-5f723387c3ac,good usefull,positive
d3a3b31d-b109-4431-8371-2d59152b550f,ohhh lovely ,positive
d89adc84-940b-44b4-9ef5-7b0f63bc9c58,quite good,positive
a3b88ddc-4e48-4715-982c-d053dab6c561,horrible shoes it just looks little nice but pasting is so bad and not a real leather it have some kind of coating on it which was started peeling off next day and grip is also very poor,negative
ed049be5-44a9-47e9-b1bc-35f32a0dffd5,very bad quality product,negative
bfed5dce-7f52-4311-83ca-3f4f5ccb0030,good gift for kids,positive
abffd88d-8ec2-45e1-b6c3-cdd90759f6b3,i am satisfied,positive
155e630b-2847-43dd-833c-69f938b6689c,nice product,positive
11cb5a64-4f86-4c7d-aa70-14ebf3dfd65f,this bat is very good and this bat play tannis ball good product and tank you filpkart,positive
62804ecd-77e6-417e-ab6f-3e30ee6576bf,worst product no worth,negative
e8356bb6-f0e9-445c-802d-7d98d833d6c8,very bed products dont by this product,negative
ec3c40b4-b270-4037-868b-900acc88a15b,very comfortable with light weight,positive
a05d3877-73af-4679-8afc-ebf55f9a1760,bed,negative
6b2a8043-8cd8-413f-ac94-4a6513ca804e,nice product,positive
e3b988c5-9ecd-4276-a099-f43fd6096e2d,good product,positive
6de671b9-e4ac-4f62-be1a-407a821ce33f,getting to much noise totally unsatisfied ,negative
a2254a2a-d999-4b2b-99d8-6fa76b0662e4,good cooling,positive
f4734b0a-73e8-4915-a4d6-a48d97078186,nice,positive
63df39d9-9698-4077-8057-4c039a086cd5,terrific football,positive
a8f12582-e42a-4ccf-9b1e-83806f1ffe2f,hey friendsi got this osm perfume frombellavitaluxuryofficial and it smells sogood me and my husband both are usingthis perfum because its unisex perfum andeveryone one should try this,positive
e4ec28a8-36dc-4ff2-a7ea-82da80411d16,good ,positive
71331ddf-ac99-478f-beb6-1280304c1e74,product is not good grinder is going to stop immediately while grinding not worth for money,negative
d48c35af-5986-4b9a-90a1-759b22e84d73,nice ,positive
73153e1c-e964-4b0d-bad1-b3ae81a180af,so comfortable,positive
9cbda608-dca1-40e0-a426-459341238055,fabric is so so bt ok in this rate,positive
58b92bd0-52de-46ac-8613-79ee3db8c023,sond do not work proper,negative
c4fa6d48-2ab3-4fba-83cc-8e2897cc4f29,inalsa food processor is not doubt the best have been using for past 15 years hence ordered new for parents,negative
8c36dc18-f83c-40b1-a87a-68408bd1e792,nice products,positive
7226f228-b68e-417c-a80c-4519d38de539,i am not happy ,negative
aaf499c1-f375-4c89-ba0d-dbb116f29106,nice product,positive
9d1e5f7f-09a3-40c4-ba7a-5e513535e331,very bad sandal it is not comfortable for wearing and very bad product,negative
a3562d35-7e37-4691-bc19-dd85e27c0559,good charger it charge my samsung galaxy f23 in just 1 hour and 13 minutes from zero i highly recommend for samsung device,positive
6481f2a0-3b1a-4f7a-8616-cad555acd64d,very poor matrial quality and color feel very vwry bad,negative
28630fc7-74c5-4171-b84f-6bd111273f35,good,positive
e918960d-8ca7-4ede-940a-a78b30abc42f,worst product,negative
5e76b311-1583-4fe0-813b-5186b7267d58,very nice just i love it,positive
f14216dc-4acc-4581-9e25-d8045e508743,tv exlent picture super,positive
e492a9c1-f71d-4ab4-b186-2913130c81b9,this boat watch is very good ,positive
3994d707-be6a-4d2b-9555-ffdc7a3cd8d9,the best portable laptop i have ever used,positive
27c11712-863d-4900-9d43-84885c284192,product is not good every time it slips from elbow eventhough it has tight belt,negative
26589e39-4f59-4ee5-aace-0264a403f6d4,very thin no wait,negative
394417a1-3aad-42da-b793-a25cfe487752,not very much user friendlybetter if illustrative videos are provided,negative
4c73362e-9568-4592-9e09-95013d0fd543,waste,negative
6a72792d-5dce-4c5d-b202-4b0b0b0a2dc1,not good,negative
bdcd8aea-c450-41cf-b067-e1ca45bbf802,really bad product,negative
36e02a7c-750c-4fa9-a695-f9d2f49cd697,good product at this price,positive
542338ee-3506-4c72-a551-7dcc37fa4fdd,worst rice is not being cooked properly and lot of sound please do prefer panasonic which is excellent,negative
ebf93c19-a662-43dd-9e24-4544ddb3a14c,worst product according to me dont buy it ,negative
aff82da4-8b91-46c7-a64b-29274dfba60e,inner quality of parts not so goodoverall okey,negative
c1d27124-02ee-4b91-9847-eb57a33436d0,ok but,positive
3bfb31df-48c1-493c-9ff2-fb11fde33eed,nice product,positive
5331f4ca-a130-41dc-a412-22b50677f8e4,worst product pls dont buy delicated dish bowl after cooking bowl changes to black colour in bottom i request to flipcart pls stop selling this type of delicate products ,negative
b7a50c1d-eef7-46ed-8a94-60668a5f8fee,battery backup issue,negative
023b5346-5453-45dd-a31b-107d1f738001,worst product and please don t buy this product at all,negative
4dc19d8b-2fe0-4c7c-8e3e-2352a324e272,using it since 4 monthsgood for family of 23quality of wash is good better than maidgreasy and hard stains like milk vessel needs to be prewashed,positive
72c951e0-0aad-42e0-9ceb-19ddc0b98258,performance is good low noise during wash and dry i feel its worth the money,positive
44c7fbf0-d213-456e-a15c-0f76c55f9e58,it is so good i love it,positive
a9adfa49-bfd8-4d7e-8734-f15ca74bb9ee,super,positive
b72454a6-24b2-4b23-99a0-8b6c58f162d5,good product,positive
8c29374e-a6dd-4ff6-9f23-de185baa5568,nice sound,positive
62dda38e-90b2-40ef-ad63-af7ee0269a5e,very very very bad product dont buy it the flipkart service is also very bad dont ever think about buying this product,negative
fac5e8e0-6a4a-476a-b1c0-0667aece6c01,very well installation and people are so nice and their gesture are so nice by people of muskan traders at patna bihar,positive
ecd5c20d-eb1f-4f38-94d2-86335cf2cbc7,comfort,positive
6b6b4285-cc30-4fb9-b8ed-7f0f06989dd2,super,positive
befa173c-eab6-42fc-8659-72195e8aa19c,best,positive
7be3e30c-ffe0-4b4d-9bf4-7ce8b7934d35,nice,positive
21515f69-4f24-4e16-b65e-f313b64d47ab,quality not good,negative
29999726-9d19-400f-a715-d3d799b70810,after 6 days of using now the charger is not working,negative
35c73219-02bb-4961-a425-ddd21b5e7ff9,got this in a much cheaper price in flipcart and the cycle is v cooool,positive
2950bac7-377a-4ae4-82bc-98ff7dee961f,good,positive
03344553-bfa9-45e5-b4b8-e523b4f5e345,waste of product dont buyit doesnt work properly not even for 1 monthworst customer support,negative
16a0b1bf-6717-429e-9345-fb41e850051b,not a product good in every side very bad item,negative
75c8acd4-7d14-4855-9557-963f5263b9de,worst product,negative
b600e62a-7ca9-44ee-8419-f0b3a405dcdb,loved it,positive
aa4f3a76-1185-49ee-bd70-c73593eca65d,1star also waste this refrigerator deep fridge oil leakage customer care asking 3500rs in repair cost i sold in last 5 months,negative
8750f2e1-8a18-4f77-9954-5b845e1c1ef7,good quality loved it,positive
49c2070f-731b-4560-8bf3-0f1568193a9a,not very great as per price and description medicore product flipkart has comprised its standard get back to your best flipkart,negative
0b35e76b-583f-4487-93a6-ddf8cc6c8af9,waste of product,negative
695a766e-5156-4c8b-89b5-8a0389513cd5,just fraud marketing nothing else,negative
c3fa450c-5bc5-4d8e-bc7f-e2ee21add909,a very bad product,negative
62ab191f-8986-442b-887b-e5aadce5f157,thank you,positive
57968a69-e153-404b-8cb7-b4e14e353815,good,positive
63560af5-2e04-45ac-a3bf-addc951d1621,bad quality,negative
56669ebb-c3be-4726-bf3e-b7c56397e064,poor built quality,negative
75004f92-35aa-446d-ad85-2d0b9c16e80f,nice qulity but sum part of damage,negative
f81ceace-ed32-42e6-8ec6-49395afd8a28,goog,positive
eaaaf3fe-2822-4208-adc3-a881d92d1ec7,gud and prompt installation by hindware,positive
014d4ba9-ed01-441d-805c-70bbdbf1de8a,excellent charger no heating issue thanks for flipkart for fast delivery,positive
f524161f-25c6-41c2-b76b-65709e6a7499,money waste product,negative
be8c5ba8-edf9-46c9-8347-846d0c1177a3,within 1 hr of wearing the sole stared pricking from inside,negative
866ad194-3330-4944-bfde-1b17269c97e2,bass is great i would give it 5 out of 5 for bass and its pretty loud with some smartphones like realme or mi and not very loud with phone like oneplus 7t but sometimes there is distortion when its bluetooth is on and its battery i dont know why it goes from 90 to 70 percent and straight away from 70 percent to 30 percent and when it reaches 30 percent battery it beeps continuously after every 15 to 30 seconds when you listen music via aux there isnt much bass thats what i didnt like o,positive
bf5456c7-4cfd-451f-8f4a-0f5a80c671fd,poor dont buy,negative
04b9e288-c6fb-40c6-9d5c-b48039c75bdb,superb,positive
792fc0c8-5bbe-4f73-8e5a-7bbb6a8fc6ef,dont buy the product its very low quality the upper lid comes out automatically after 1 year the on off button was not fuctioning not durable,negative
d52d26e6-1343-4923-8a0b-6b2041b4b6d7,amazing hair oil is really non sticky and quality is superb got rid of dry frizzy hair after few applications,positive
2d6bc96a-90ff-48b3-b885-69293102a421,not a good product i hate this,negative
27c1925a-df7d-4803-9e76-eefe5fa4ac78,this is agood pair of shoe,positive
9ddb0fc7-8148-484b-92b0-c1d6fc768489,value for money,positive
98ec239b-f7d2-4970-a97e-1d588b4f3f94,it is a nice product and better to use it,positive
25cce00c-4ae2-4fc8-b6fd-6a4d21390397,very good and reliable product i had my previous bosch dishwaher for 15 years,positive
e9792462-81dc-42d5-ad87-d565b967cc7b,fantastic,positive
d50667d3-cd90-458e-8e3b-97dab081e1c9,not good quality,negative
c0bd40c1-deeb-4773-8fdb-db93a2f98f5a,just perfect,positive
53e2ec77-18f2-42c1-9af2-035c5fb0e73f,hittt,positive
36f769bd-0b1b-4fb3-9cc8-ba91c9be09af,no timer you do not know when it will finish washing clothes,negative
cc7a5f99-a7ea-415a-b227-390e41dec7ed,very nice product,positive
dc63e1e2-35c4-4b6e-9d4b-5cd641cba6d5,good,positive
2b2990cc-0b2a-4921-ac03-ed610458bac4,good,positive
e85f42d9-0f17-4cd7-ad9d-e960aeb5fe68,awesome,positive
a196c982-9548-4d55-9e6e-7ffebeb5e136,i am using it for lasts one week still now its working perfectly fine earlier i used hul puriet ultima ro which was baught 5 years back for 20k rupees it was started giving error display of pump faulty but after changing the pump still the error was continued so authorised service center technician asked to change the whole set this time i decided to go with kent as i was not satisfied with my investment of 20k for 5yrs on hul puriet ultima ro hope this time i will not face such i,negative
ddbd95a7-817c-43c8-838d-0d9bc64f0e30,1st laptop was heating replaced it but nw the replaced one is also heating more than the 1st one and also laptop on speed is more and also battery drainage issue is pathetic,negative
27bc5aa0-e557-4c6f-84ae-4fe97f08420d,i dont like this rice cooker it takes more time than gas oven,negative
b078d410-ea04-43d1-9e56-282ca3b12a29,its the right one which i wanted,positive
998a35ca-6aae-4809-9642-ebe95d29708f,not providing cooling and also too much of humidity yes it is less noisy compared to others but definitely not effective in cooling,negative
abcb1a29-4bd3-4227-9c98-9e0e2a9674a6,i bought it a week ago and its leaking so badly,negative
82fff897-9eea-496d-b21a-1c48786bb96b,very good and smooth working all functions are very good but wood grass all side bad improve side honeycomb cooling pad,positive
9eeb41d9-eb78-457e-879d-88ac1757b61f,nice product but some accessories missing ie oil bottle screw driver,negative
7ed71701-c289-4868-9a32-f48b6d8419fb,nice,positive
1c6081a0-c199-4b9b-9ff2-e8223289f3bf,not badbut it looks very small,negative
e03a98f4-a749-4bf4-b67e-ad7fe01671d7,very bad result,negative
8fd67a85-6507-4fe0-993b-cb4f6d416d0d,i got this nest mini offer at just rs 1999 for buying new mobile positive 1great sound and good bass 2you can connect tv and speakers easy by commandnegative 1you can only play song available in gaana app if you want to play old movie song you need to be a premium member in you tube music2 so you pay 100 rs for youtube subscription for every month,positive
7b0dc151-5d28-4515-a6a6-5772c7232e2c,no good,positive
4ac0bb0b-b2c3-4b11-a1f1-dcc13cd9f0a6,mind blowing product,positive
e076ae10-3108-4412-8563-7bf4f4cebb3e,nice product,positive
c63da8fc-383b-4882-b288-3278ac776856,nice,positive
fa4b974b-5e37-4bbc-99a8-bd44440ca9ef,same as in display good to gosuper quality and comfortness,positive
267c7e3b-b3aa-4712-9cb8-e60fb6c66e8b,not reached expected,negative
08810e48-2c94-4ae1-a37b-16b2c8664f7b,heating is very slowbowl quality is also not so goodoverall product i ok type,negative
e4a824df-25d8-487e-9456-60323e0d394d,please dont go for it flipkart and hindware is making fool if any problem will come they are not going to help i dont want to use abusing words but they people deserve so much,negative
af516c70-7a3e-4752-b5e1-45076dbb37c7,good product,positive
2d857622-a94d-4de5-bbfb-c71e953bb5fe,its good not that effective for wait loss,negative
d6ca581a-86b4-4ebe-8426-1c14bb17e400,very small,negative
cb04d9ea-9894-4e18-a48c-c5d4adcfffd2,not working properly,negative
66c80eaa-0a3f-4377-a6a7-c1c06c4826b0,just perfect for a family of 4 members and for bachelors loved it and it just take 20min for cooking quite happy with product ,positive
edf89c18-b7db-4566-9ecd-f6361e313351,not good,negative
8aecca84-36e6-4060-b44f-5064852a1ac7,nice product amazing good delivery and nice persontq tq tq so much filpkart this is nice product tq filpkart ,positive
466d1f4e-9ffd-4054-8671-6daabbfde88b,not comfortable and not a good product,negative
7906d3e6-efde-49ae-84d5-2c681ad7fdb3,good product,positive
1f062e43-0638-4600-b942-c9a53856cd24,dont buy,negative
a283ff1a-3739-4112-aee0-92a4b244b2a8,nice product,positive
ab890f2a-c303-432d-8670-b20f29f67d6d,completely diff product im this photos its looking good but in real product is very bad,negative
45dc886b-4961-4489-8ccc-20a0685e9826,best at this price range very fast cooling very fast freezing capacity is also good good for members 57 easily,positive
1b784bc7-15a8-46a6-b200-8fdc38cfe811,nice one,positive
000c96b9-2f7c-4fd2-85e3-cf1b10687f5c,good led tv,positive
6320da75-8eb3-403d-90d7-2563c0107d8f,stinky smell when i opened it,negative
e7780454-34a8-4a79-a70d-199ab90f4fb3,good product,positive
5748a97e-228f-4c12-b1e6-9c34925b83e3,nice,positive
f539239b-f827-4892-b79b-617ca3c4f1a5,good exhaust fan in white color will definitely encourage others to buy,positive
8e515904-6723-4b54-a877-fa2407f6e717,useful product,positive
df462715-c601-42bd-a1cc-6cc1d73a5e9f,wowi just love the bagthank yuh ,positive
a9df6fe9-173a-4bac-b88b-e4f588b3dfdb,sonud quality is very good but there are some difficulties in charging and connectivity only in 6 months so i had to send it in service center its a bad experience,negative
cba4a963-723f-4a37-bacc-f9055f589cf7,not a good oneits not throwing any cool air and a lot of noisy,negative
220da76d-e5bf-4274-8a17-24f7f48c73c0,i am writing the review after 3 years of use this product for me this product is excellent i use this product in travelling for noodle making water boiling etc still it working will i am highly stratify with this products,positive
d8c12e3a-f9d0-449e-8594-8ba0435aa0e6,very good,positive
1969ece0-50c1-4d99-a57a-34701086a653,its take too time,negative
0365f51b-3568-4a95-aa49-86851c30389c,really awsome product,positive
fe73c6b4-af10-4ed9-872f-f88b744f7f56,its duration is too less so i prefer to dont buy,negative
e98e8cae-25be-4f10-a28e-4d740e2163b5,good,positive
eccc4213-4460-4884-af0f-9bfe375d4b3c,nice ,positive
adbc268e-a2fb-4575-9afc-da512334326c,i am writing this review after 15 day use first of all let me tell you that the product is quite cheaper when compared to its counterpart and the feather in cap is the juicer pot which work exactly what it intended to the three pots are made up of stainless steel body heavy 750 watt motor will make grinding within few seconds the power cord is long enough to perform operations away from power switch overall i am happy with the purchase,positive
64d2bd10-1e99-41bc-b6f1-455e4370d9f1,nice perfume,positive
7295b977-1318-40b6-8042-2f054a929d5e,nice,positive
a4559126-0918-4dc4-9bf2-4f75190bd10a,good,positive
c376f15c-10ba-439a-b951-82304fc967d6,too gud product i just luv it,positive
12a2b993-2735-458a-ae96-2b2c48dffb66,very very nice ,positive
6c0808a8-428a-42cc-ad3a-eb755d3bb6a5,poor quality,negative
1d3b733d-7770-4df2-942a-3ffe48b357d8,nice but meterial is not so good but overall ball is good,negative
2a94fbdf-0007-4459-b09d-011e8eb0a885,damage,negative
98e49c2a-3703-4c52-b22c-c9da9b991e47,good,positive
ddec3d9a-789a-4647-9108-25fdafb3e1a2,worst product,negative
262c7ade-6181-4d3f-b6b6-3be2cca7f81b,awesome product bluetooth and fm connectivity is awesome,positive
77c99350-7991-469e-8961-ee519933bb16,running well good plastic used,positive
a53a9420-3d23-490b-8a71-eb7946ef84b1,tv is good at this pricei got this for 15999 which is still high cause originally it was for 14000 or less sound quality awesomepicture quality is also good sd set up box also look good on this screenthere is no need to get hd set up box if you have sd set up boxjust drawback i feel was that it take few minutes to start the tv everytime,positive
5b6d15a6-f077-482c-8fe6-10ddefb901cf,some update required is not work properly for tracking health activity,negative
5b992f02-6367-4562-9ac7-65b5c8299394,nice packaging and very nice aroma,positive
6d93717c-ba63-4e46-9fa7-32a263930711,this is one of the worst product in my life and as per standard this not good dont by any electronic product from flipkart why because regarding this product i faced many issues but there is no proper response from flipkartthis product mainly used for kids not useful for family,negative
235c3924-deda-4e59-9a82-05bc0fe17ef5,good working,positive
133cafe9-32ac-48e6-9337-b4e559a1ed5b,very bad product,negative
ad99b83c-3718-4069-beef-5a3c5cbc3849,loss of money,negative
9b20ba49-5120-4655-843a-0fb215cf1576,i am comparing this with my google and sound core the bass is disappointing and the bluetooth keeps disconnecting all the time personally very disappointed,negative
40007d38-8cec-4565-b26b-37e4a4d5bf18,excellentmust buy,positive
ab446277-b08a-400b-b681-1eb2299c5734,good one,positive
a89f69b6-bffd-4dac-a88b-aaeaac67978c,nice product great value for money product 5 star rating comes with 3 jars enough for daily small purposes like making shakes and chutneysyet again fast delivery by flipkartthank you,positive
4b9ef696-cd1d-4324-a9e5-406f3177c851,product was delivered in time but one lid of the biggest jar had a crack in it yesterday i wanted to use it and found that i could not use the largest one because of that crack lids are of very poor quality plastic kindly replace the lid or take the whole mixer back thanks,negative
ff4fcb2e-574b-4305-ad21-7446ac49292b,this product is not good while oppening this tv the tv is to for 34 month only this tv problem is after 3 4 month have a sound in the home screen but its picture is not show so dont buy this worst bad product or the server is not comming for repairing this tv when i phone his server he cut the phone,negative
d642d2dc-03bc-40e5-a401-b792ac295aae,remote not working after 2 months only so much quality issue,negative
fb604831-6a44-43a6-98c3-7c9cc032cc2b,good product but size is not for pocket friendly,negative
1855e53d-7429-4265-bd21-c8ccf575bf49,superb,positive
e17d18c1-b66d-4e93-9210-37422bf17a8c,not bad,negative
de477415-2eb9-4fef-a9f4-d7227fa169b3,writing sticker poor quality,negative
1cd9c765-53da-4dc0-873f-444f5d0330ce,dont bye after filling it 2 or 3 times there will be a leakage of air from its mouth never buy waste of money,negative
e734bbca-530c-4c70-a7d7-9fb80871101e,it is completely bogus product not at all working,negative
32db68a5-4ceb-45f1-96a1-f3e0cee4974d,nice,positive
634355b2-633c-440e-acf3-1874d47a132e,head pain issue sound is so high dont buy this product,negative
cd69c699-d42a-4f7d-88ca-8f412eaa9f56,nice product,positive
74ac6303-bf10-49eb-ae78-8729a45d7ec9,the cooler is fine if it has to be used for 1 or max 2 persons in a small room cannot compare it with an ac obviously so it will not cool the room but will provide cool air to the one sitting near to it it doesnt have a designated ice chamber as the description of the product claims it only has a dropping option from where you can drop ice cubes into its water tank directly adding ice to the water didnt make much of a difference to me rather you can simply fill in cold water to the ,negative
f3d49ac0-7431-4be8-b8f9-9c14190345b4,i feel this product is quite good we put all sorts of utensils in this machinethis machine hardly require detergent just 02 table spoons per washit is worth investment as we can now save almost 2500 month which we use to pay to our maidit cleans perfectly all utensils even tea burnt utensils milk utensils only we have to put under wet condition steel or glass utensils cleaned in such a way that it looks almost new wonderful is its steam cleaning best hygiene and smells goo,positive
77d6f961-c5e2-4c88-b75d-6f798f0969f6,amazing,positive
ac64a4de-5a24-4367-b579-f12bfc74b102,sound quality is avarage buss is to low at this price segment,negative
cc411acd-68fa-433d-953f-dae25c0a142d,it good but small size,negative
c24a461a-922d-4482-82c1-d2858c47296f,very bad,negative
40ca0686-5ed3-4fd1-8b83-e4edc976af35,compressor is making big noisevery disturbing,negative
7e406a27-fc3d-4c79-a369-6a73a2283ac9,very bad quality,negative
15bd5255-9faa-4b71-9e10-be88f3d5fdcb,after 5 days stopped working claimed for return,negative
62eddfbb-f198-4a4a-9525-f63a0a52918e,thank you flipkart for this great product at this lower price,positive
a5b6af46-2a7b-42f1-84f2-dcecfda093c7,awesome and superbbut wan port is now disrupted within only 20 days,positive
59ea3ee9-fa32-4991-bd25-49ada806fde2,nice car,positive
9df98a10-88eb-47f2-8746-dc6f16b78c5c,good product and,positive
75d99b13-8d2e-4abf-820e-48363ea065d4,perfect,positive
8c707d11-5726-447c-99ff-cea0f6441dd6,this review is after using the product a weekthe lock of the refrigerator is not working hopefully other all parts are okay till now,negative
05e1395d-7874-4351-b1fa-79bfe654f3fb,saund low,negative
adc94c68-ab98-4141-b982-a62382385312,my boy was very happy nice kit,positive
a6c41b4d-7bb4-4cb3-ad06-5bb571d68c8b,best fan of renesa series ,positive
c98a5d43-3f1e-43d5-bf70-8e017492e98b,used in second day broken strip hold,negative
17e9a43c-38fb-4bcb-ada4-3af4c2abd23a,its really good ,positive
710724fe-db3c-4b1f-853e-f8e22cf01e91,superb product,positive
773461d1-7ab7-4018-bd46-783994ff604e,pump stopped in 20 days the fan stopped in 2 monthspoor poor poor,negative
1c1dc2f6-255f-4d39-b1bf-cdbe1742fc05,quality low,negative
14fb600f-db9a-4893-a94a-f0b6cf8ae6db,cooling ineffective,negative
4cc7abc5-673a-49e9-a89a-6ae0c9109f4e,refrigerator sweating from inside bad product,negative
e3e0d7e6-f441-49a8-b9a7-48957fc2a752,good work,positive
04261e11-d823-4d44-a452-ee9bac0a97b9,not good quality,negative
b515db2a-ad62-4356-bd1b-474c7720904d,kajal is good,positive
08f84e23-e7c5-43bf-b9c6-66cd72a9112e,downtime is on issues,negative
f78e45e9-755a-47d6-825d-c4859ad6f263,value for money and beautiful product,positive
90a189e8-cf7e-4b4d-a7eb-7e406e12ffe7,good,positive
c7e1351e-3b23-457d-946a-22cb9d87ac5e,i didnt received my product but it shows delivered i am very much disappointed i am dissatisfied with your service ,negative
70d4f3bc-fe27-4c37-909e-9040310bebde,nice product but white colour will became dirty too early and wasnt easy to clean,negative
0d130629-07de-490f-8070-5df7d31c3f43,worty product,positive
dd5722df-981d-40e7-8c8e-4604b2850f36,very nice,positive
ec04b585-a776-40e6-99b0-2516775b6308,the fabric of the pant is not good at all,negative
97273edb-dfaa-44da-a81c-d0718520c40f,google assistant stops working after only 1 month sound is really very low look somewhere else,negative
1ae952cc-a6e0-41ef-99ef-d6ce8a4094da,it is very good good mi led tv 4a best picture quality hd very nice product,positive
118cdf7f-1662-48ef-abad-96916b67a9e3,nice product packing was good delivery was on time i m satisfied thanks flipkart,positive
927d6b6f-c2c4-479f-8b29-2958b03d4811,1 good build quality2 response time is somewhat less3 only 3 way brightness and in that box they have said 4 brightness level4 type membrane keyboard not mechanical5 i can recommend this for normal gaming only not for esports players ,positive
3dc268d2-704e-4cc0-976f-af17251161e9,super ,positive
27af121b-b1a8-4a2e-acff-ec96f419f41e,awesome,positive
89e3ce54-a9f8-470e-9276-9d1a3be9562a,not good for fragrance i advice not purchase,negative
59489986-8da3-40a3-a9da-ea8471615867,key very hard not soft,negative
2b53e421-15f8-4cc7-948b-fd71365c9156,first of all its price is too high and the box does not even include a cable and it is not worth,negative
5b927941-714b-4b88-8ea3-f4ccb830b393,plzz dont by this productafter 2 weeks battery is dead,negative
ef2049e5-8fe6-4e77-b483-83f5176925ae,mfg is feb 22 it has misplaced switch lever and many dents on outer body 1st 3 days its works perfectly with these peoblems but after 3 days of usage its gets burning from inside and comes burning smell outer body gets over heating more than the inner pan totally disappointed waiting for replacement,negative
2c9ff2fa-719e-4375-9f0f-33f1483b190e,super very good product,positive
faa2646e-d94f-4bd9-9b92-2691253279c1,nice,positive
7a4b1537-2c24-4b8c-acd1-d3a5fb47242d,not satisfied with products,negative
227584ff-c3ef-4a7e-8f98-641dff525bf7,it often brokes when applying kajal not too good,negative
0bcb5974-7225-4dfe-b52e-8d2fc23a106a,waste product dont buy this its just like a toy not use for fitnesshated itquality is very poor,negative
615885a0-b249-475d-b943-2e14ca3de3f6,awesome no words extraordinary in this price range,negative
0caf30fe-6cbd-454f-a569-b628e7e56d66,not that good,negative
858dcbc7-a3d8-4ea1-9d3f-70722bc737df,mind blowing purches,positive
f50d9b2f-7bcf-41b5-a660-1d4be57a7448,worst product i ever seen in a while i receieved a broken piece even after the replacement and when i try to replace it again or refund it the seller is cancelling it for no reason please dont go for this product,negative
a5e6cdb8-095e-4261-9ff5-87bf80d325f9,waste of money,negative
c7d750ba-b3bf-4144-be21-8f44cab32814,rate is cheap so the product is life span also less most of the product are defective,negative
65a577e9-9c5d-4d1b-bb69-a8fcde857fab,not good ,negative
e95f5187-aa0e-4fc1-90e7-21788b46df19,i lov this perfumethis is sooooo good,positive
f2458572-1c6a-44c9-9c13-1d8fec6a0ba0,very bad dont buy,negative
031afe40-e308-4b68-b31d-a29a60e8de28,good,positive
28c9061e-d974-4cd9-b77c-c8f0231ccfab,very bad behave,negative
7a11492c-688e-4435-8d68-2630258b844d,nice product all is well and display quality average,positive
f79d0a93-c8dc-442b-ac4a-1cd9b6d4129f,awesome loved it and highly recommended,positive
25699379-604b-498d-9d56-c34b4276622b,dont buy,negative
2ce762d5-ad18-4da2-be0b-9a0d3bef4676,very good quality,positive
e899b536-840e-4e4b-8b78-73bdf37b7630,nice,positive
0fa1f6fe-3bfc-4fb6-9245-79f8b562e5de,bluetooth connectivity not working,negative
24425027-8ab1-4b0e-8775-d204329fdbb6,heating problem,negative
a7d25e5f-363a-4690-9336-ccd952dd234f,plz dont buy itwhen i bought this flask they give me another flask that is used damaged and non branded return policy doesnt working i just fed up with this product dont know why i bought this1so plz kindly request to u dnt buy itgo for offline mode they will give good product and warranty also,negative
8dede849-edf8-4f59-baa5-9b7550f7e966,not fit for mobile weights,negative
a2fa9d47-2c98-4bb0-a726-b6ababd9c079,first macbook of life and i am having the best experience yet excellent delivery by flipkart,positive
3d3cc9c4-ddbf-4056-8224-7fcfef126bed,not good ,negative
76d208ef-3fcd-4b9c-84e7-f24f6c18f66b,good,positive
6a32839d-e384-4bcb-a7b7-7a6e8c394f18,not good dont buy,negative
a7906e7c-d549-42b8-a357-a1e5659e2fd8,lovely product i liked it,positive
7600b290-3e97-4c85-ac90-640d00cce4f9,working nice and good product,positive
da08cfe8-47fa-4d6f-b694-69e64b53fc90,waste of money stopped working after 4 months,negative
4e622fd6-8405-4a85-9432-93d4a429b2fc,good deal lootoriginal and genuine productgo for it ,positive
94f6a660-8441-43aa-81bd-7397b21358bc,bad product,negative
5f44cadb-4d0c-4165-b50d-900676aae8fe,nice product value of money,positive
7880932b-2623-4678-8ec4-d0ce6e880424,value of money,positive
5db20093-623c-410d-9dad-678e4eebb1e6,not working properly dont buy waste of money,negative
6777db16-2d52-4a9e-9c58-96b38eaf85e8,its small but sound is awesome if kept in bedroom connectivity is smoothloved it,positive
590de0a9-9cbb-40d1-8a68-e47fdf1559fa,supper,positive
065ffdd4-9e14-41f9-bb1b-01d708938c21,sound quality very very bad,negative
8058448c-80c8-42b6-be3b-a843045bae9b,hard spiring very good quality,positive
e8f15a21-d906-48aa-aff6-345764b4c831,good product ,positive
87c959bd-d4a2-4680-83df-aea2fdeb21bf,great durable and quality product,positive
19eaa8dc-6b45-43cf-8359-9c457384075a,very nice,positive
1273b731-789e-4d5f-920c-8872d22fbc19,i am happy with this product,positive
9ff99110-addc-4414-a3b0-cda84b7efd5b,very very worst product not supported not working dont buy any one pls,negative
7cb499dc-2d13-4605-91be-08cf77b9737c,good quality,positive
f6bc3dbe-4d5b-4894-b0c4-f662a23a1aff,i just purchased the clock on aug now its not working poor quality product,positive
f8457ce9-b9d6-423f-857a-aad7a35d815b,product is good but the noise of this product is horrible pls solve this problem,negative
384d4e02-9198-475f-93b5-175fb4d63d74,no warranty these is so soft he get blast while playing return it,negative
b65729b9-445f-4ba2-b4ca-00b1546beecf,not good,negative
0ee97d55-5867-4481-ab7f-bb5e0ca8cfbf,so bad,negative
076e0605-f16b-4dcc-b57e-3900df5547a6,good,positive
719407e8-2a1c-4e6c-a632-2864ebb20744,good product,positive
f87a1580-bf10-4304-a82d-af32cd7ea532,no waterproof,negative
196040dc-18a0-4d73-bf7a-888b72df0827,its wheel quality are not good,negative
e85ce99e-a23c-4b92-ab99-ffc5ba0475b7,no difference in bands all are same weight,negative
05224951-1c62-4a91-904f-3fd0187cadde,defective product received dont buy this product,negative
176ff1b0-6f04-461f-a6c3-d1dbc8da1ec8,good,positive
900d9b57-e953-467a-bf72-7e0e15bf3f9f,clean ui easy setup and smooth performance makes it better than fire stick cheaper than apple tv device,positive
655c419d-4298-4294-ad69-ea9e80320c48,good product,positive
7b9c41d7-be1c-4d20-a8a9-9ffeef3d4be9,money lost,negative
f4204e69-9802-45fb-a355-720657888f15,useless product vessel also not good,negative
603b7f8e-ba16-4771-b8c0-0e5bf23e370d,packing not saving mode several time order bur broken received,negative
e1f4e384-8518-4b51-b827-199a7dbcc58c,delivered the product on scheduled time within this price range and configuration wise perfect choice,positive
17998779-03f9-47e5-86d3-f226be75511d,good product,positive
4fca6ced-c2c1-4792-9b0e-10eeaeeb5255,good product good price ,positive
c21e4230-db1a-43ea-b1da-46d6bfbfd516,after i got the product it was leaking from below whenever i fill the bottle fully i will say not to buy this product,negative
5823a2d1-53bd-4dcd-9cef-b77567482109,original productused in i phone 11 fast charge,positive
9808b92f-ebd0-4472-ae9d-76d616509167,affordablesustainablegood to go with the budget friendly mixer grinder with best performance at the rangelight in weight looks good works perfect recommended for home makers ,positive
823c34eb-83e9-42aa-b289-891542224438,nice and i love it,positive
462df145-3147-4d6e-ba4d-314f0f181c96,excellent item,positive
96c68ade-d91e-4a58-a3d7-c7308a08a2ff,everything seems greatbut why the hell does this tv dont support netflix and amazon prime ,negative
9b3a4609-8853-4a5e-a388-4b509336ce5c,nice,positive
622da91a-3129-42b9-910f-ee51456852d0,cloth is very good but fitness problem,positive
54bedcc3-db9a-4f55-b516-6d315ee69e6f,nice,positive
8a4a827c-5352-41ea-9cb5-05d048d6d921,nice kajal,positive
d3feb9ef-52b4-446e-8fae-a4647d46024d,it is good product i like this it is working good ,positive
4d2c9065-7c48-4bf5-9f88-efa91e681a12,good product,positive
032cce57-fa22-4729-967c-a13067eff49a,i got damage product,negative
6818afc3-faf4-4f38-82f2-3e682c6bc6b4,the quality is very badwaste of money,negative
5fb70143-7c31-4c29-9246-a7ef6ed444a6,good product,positive
16644e36-0ff2-41a2-93f5-9561b1f32296,value for money,positive
dc05a7e1-31f9-44fc-8e76-6d1e23785f5c,good quality ,positive
40d7cf3f-7da5-4085-9a4e-a3603e62b265,brakes poor qualitytyres poor quality waste of money,negative
e78c25bf-23f6-4e20-a2f4-7091f0b86c92,product delivery was fastand this tv is very goodreally i am happy with this productvalue for money,positive
4d8f903a-d07a-4a18-b2f9-3c91c48109f3,good quality product,positive
e04b4283-6d2d-4bf1-8e8b-acf18356c9fb,easy to setup,positive
eb200873-9ddc-40bd-aeec-71cb93798880,its amazing and good productsi love ittttt ,positive
81240f6c-799c-4875-817f-0f30281322e0,super product,positive
c3b6e8f6-0862-4738-b3a6-586b57de20c5,heating is uncontrollable,negative
ccf406ec-6dc6-4d6d-a8e1-62cc9e2847bd,sturdy build quality and best food processor go for itthe jars and other attachment feels good mixer is heavy and solidflipkart packing could have been better,positive
84be7a3e-c449-45a1-a724-565ae2ff3494,decent,positive
6e901159-2394-44ee-b7a9-35b1c4d281b6,best adapter for my pixel 6a it takes around 1 hour 50 minute for full charge i m using since last 2 week its working very well but i m not able to place my order easily because always showing out of stock but finally got this go for it,positive
20c13050-f33b-4921-9f10-0de54a874294,i bought this 5 months back and i am facing issues already i see water formation inside packages and containers vegies and greens are getting spoiled within 3 days very upset with whirlpool brand and with its unexpected bad performance how can i solve this issue,negative
92c657bc-518d-4c2f-852b-27455bad4f4f, it ,positive
db621e14-c63d-489d-b85e-f61c2c27a88b,full smooth and easy,positive
e7c5dc1b-8a85-4b90-8297-d8e23d1368db,super good ,positive
b6c6ef75-ea46-49b9-b178-92f6eda643a4,good and fast charing support,positive
4f008d37-fa2d-49ef-9e35-7a70018029da,nice ball,positive
29779fd3-5d41-4eb8-8a70-0b7c7868b104,defrost not working and very bad support from samsung,negative
cb31ba9e-01e2-40a3-a3ea-7c9e40f036d3,nice product,positive
5c3b8b12-610d-49c9-9609-628f52bb2ebf,happy with boat soundbar,positive
fc722c17-9def-4683-b510-93d97bd9a1a6,in this price range u cant get better than this delivery is also on time thnks to flipkrt for all this,negative
0bf4146e-d393-4d54-9a10-7fc7015d3611,very nice and i fully satisfied with this blazer,positive
33afaf14-9eef-43dd-a8ff-ddf0fe109315,super oill,positive
124f70b1-4c34-4015-a6b9-04e6b5e1af36,very very bad please dont buy dont buy low quality and bad productjust 1 time use then its fire its dont buy please everyone,negative
65eb41f7-25e5-455e-9121-a08ea70dbf67,bad quality,negative
eb355f07-d9c2-4745-85e8-3b8c62f4228e,good product tq filpkart,positive
875aaa95-aab4-4b52-8ca2-3a01bb5ee93c,not strong,negative
1068c5b4-8a41-48f7-b3fb-4702e7c049e8,good wrist wrap,positive
7e857655-7242-4feb-b57d-f27c71737b56,delivered within tje delivery date at the first day the fridge left side was got very much heat i thought it is some issue but after few hours later it started working fine using it fot a month there is no problems good product satisfied,negative
26ee7be6-ad3b-49a1-98bd-f36ac2ffc5c1,excellent performance good product i purchasedi am enjoying my musicreasonable price,positive
29878b29-8470-4089-a3a1-a80c4fc85f98,very bad quality dont purchase,negative
0d8a9358-d9cd-4f76-86d3-d144b0b8350a,waste company4times repair in one month,negative
eff739c7-42e6-42a5-85fe-e5c8d15f9466,waste product,negative
01bdd8e4-a0c6-4410-a3a2-edada769de02,product is good but its too small,negative
d6e63611-2f74-4dd1-a6d1-92cb63c52af0,tongue is too thin,negative
c1e7422e-0b9e-4967-bcbb-29d2f1cc54cf,not working,negative
c99ffb6d-9af4-432c-8ea0-e5ead9f90c29,good product i like it 55,positive
97308bc0-a99d-4883-b9f2-f86ae2c4756f,bad product sleek and thin design easy to use but buttons are little harder to press but overall its fine you can control both ur tv and setup box edit after using for a month the quality of this remote is very pathetic remote is so sensitive that if you hold it slightly tight it will break bad product i ever bought from here please dont buy this product at any cost,negative
3b650a69-e934-4fb1-99a8-ac6a39252a3b,feather weight rope do not buy this rope its so light weight it doesnt even swings properly its just hits the ground and bounce back to your leg,negative
a36bd9e4-ceb4-4425-aea3-c58e31bc7d8e,this is my first mechanical keyboard and i love it i dont frequently use the rgb modes l but they are so good and the typing is so comfortable,positive
9b03677d-9a59-4597-b3ab-3138742dd588,extreme poor qualityvery thin cloth and transparentalso torndont know how people have given good reviews but the maker should improve the quality,positive
045203c5-59d1-4b53-92f5-f159e09f259f,to good nice,positive
d5d4f436-9417-45cb-8ba2-8fb12aca2149,getting burned at the bottom,negative
adfed276-10cd-4d52-99f6-f3743462131c,not good not fot on mobile too small,negative
3adeba05-0b9f-4c1d-a20c-78f2094b10ea,good cloth not as expected very thin cannot be used in peak winters,positive
8675c7da-af97-48de-9aaa-e1af9524d3ad,this is a very nice,positive
89751717-32fa-4433-a491-5beccd41b339,very poor quality after one wash colour faded not recommended,negative
051b7451-b37b-44fb-a52b-16cc9f40784a,fm not working properly every time we need to set all the channels,negative
6d055301-ecbf-498a-a8b8-361a704a3cfe,there is some problem with the audio speaker,negative
7f03570e-03bc-4f06-b113-fa4efc52cf0c,very small in size,negative
60615ff5-34b3-4dbe-9c90-0489e8fe12ca,waste product dont buy,negative
01ab5816-08e8-4c25-94d5-813b870e0dc8,very nice product,positive
194b63e5-607a-4767-ac65-3ba627fe1b68,never buy this product extremely bad quality and improper description,negative
d294e737-6072-4404-95df-061aabd4c8ac,delivery was very fast and good quality speaker,positive
3f669fdc-698f-4fc2-a304-6886147958c7,i like this product without any dout everyone purchase,positive
d4524c69-77d6-4cbc-927a-937a52838c0b,best product,positive
b8e10a48-d5fb-43d1-850a-c4f4cf8c0b43,very very bad product ,negative
18301ad3-a607-4357-a528-58048416d545,best products,positive
00b4f1e8-7b2b-40ca-85a6-94c11a1e6cf2,not given battery unable to run the car worst experiance with this product,negative
2ec8e524-f90c-4b32-9d60-26d9d4c3edd0,good product,positive
023ef232-6be7-4411-a3c3-e60543e60065,ok good,positive
3ff79207-a88b-4af4-becc-e02a6ea7780a,good,positive
0be30436-ab42-45c5-b758-0d05d4cf3d31,perfect,positive
ecca942a-b38b-4e19-8434-7e9c0cb8fd61,best offer on flipkart,positive
323a1648-90a1-4feb-b0fc-f734c03e8a35,google is known for its reliable products and this device no different exceptional build quality in such a compact device loved everything about it this device along with the google assistant really makes your lives easier,positive
a84e2f07-cef4-4dd8-b5bb-b12bf6670c7e,not as expected,negative
e2bf6f84-8771-4d86-a8fe-5cca0c150fee,awesome ,positive
261829db-a89f-4fee-9eac-95bd12297277,a good product to buy,positive
ceab46a8-4b19-46d7-97c9-571d890590f9,gd,positive
c81b499d-37f1-4f72-9fa2-5eb01a5e3aab,very nice product and comfortable just go for it guys,positive
c96b40cf-f9de-4559-a733-ebcef4e2637e,product was awesome,positive
90c90d97-b824-49cc-b42b-3aebcb242cc7,worst product in this cost dont buy gloves are transparent quality of the gloves very bad,negative
2b0689b7-f757-4d94-8ca9-26564d57723e,good ,positive
32dddf8f-6b14-4016-8350-f3b5fd5b1362,only screen sharing issue rest good,positive
84bea818-b006-42d9-b214-d016ab150a20,very low quality,negative
1c568a77-1c4d-4b3a-8a0f-6ff20db8c739,extent product,positive
e6c87d19-b58b-45ad-835a-3034202581e6,original mi charger compatible with resmi note4 redmi5a and any mi phone except fast charging and typec,positive
960ae01d-edb3-4fb9-8ad4-f8c8d30f1505,size not fit,negative
669fd664-bb90-47ba-a8fb-e23a10506500,nyc,positive
fa4dea96-2aee-4b08-89f3-8eb0ea9edbde,wow its awesome quilty is so good,positive
e84146d2-c63d-470c-b98b-c65a21aa9ed0,nice productexcellent,positive
02c3de3e-dc3f-4cbd-9752-72d8d402e78e,item good quality delivery boy was very good n professional,positive
d3d5023a-0136-4f37-8dc4-6908943d6e79,very good value of money,positive
669d5c39-df02-4a34-9a26-c503a3b038ab,hi all thomson tv is very pretty in picture quality where as sound quality is too badworst i have connected an external speaker then its ok now also so many issues in wifi connectivity5 star for picture quality0 star for sound and others,positive
a7b581dd-aabf-436f-a471-db9eab40bd20,quality of plastic used is very bad in just one use the edges of lids hv started to chip off not at all value for money,negative
8386b004-dcad-4ab4-bbce-32a740e9615f,i dont think it as a good idea buying this ball online because while playing we didnt feel like playing football moreover like basketball the manufacturing is same as that of basketball it is real hard which makes it lasting in hard grounds but i dont like this ball,negative
35b640f2-91f0-4564-ae04-2e60d5e47664,nice and great performance,positive
70031905-a47c-436b-aaf7-e0aa58cc08ad,good one,positive
02d860b8-6687-4406-b110-d1ad7d89e1c0,bad dont buy this product any more,negative
753786d1-8b7e-4ac2-81bc-103010457b9d,not poor but average,positive
3798467f-9924-4ba4-8cda-bc16cb873307,nice product ,positive
f6aa0d06-76f9-4e71-9e4e-2420014d099e,good,positive
2ca5d035-9880-4f80-ae2f-f9e64686e5b2,performance very poor do not buy,negative
347032d3-2eb0-4c8e-99f0-96d195a70c3e,its good and value for the money i got it for less price,positive
73657feb-7c00-42e1-83a1-0566156e88c8,size is too small not 44l as mentioned,negative
024501ff-763a-465c-a9a4-d43ff5021fc9,nice product timely installation all is good,positive
88549edd-f238-472f-8920-3247cbb4b3a2,low quality,negative
d34679e5-4f3f-45f6-8732-746e56dc0289,not good,negative
4dc180f7-1357-4a05-a02a-f01475ced6cf,excellent product,positive
4a87f33b-b7ac-447a-bd50-d9b8f65a3b07,bad product the refrigerator is not working wasted money on this product,negative
b31af515-226d-447e-832a-7a69dcab0bf3,very bad size is too short,negative
29670b5a-72d4-4380-8e87-fc129a671698,not working,negative
e3a0f486-f576-4d36-83ca-82d2bb1e5363,looking nice design is awesome also fabric is too good from inside also must buyhighly recommend ,positive
83496a7a-054e-446f-bc63-5a6263104b10,produ ct is good but while moving from one place to another in home back wheels are bend after and cant replace as 7 days over i am very disappointed what should i do,negative
2adb1878-d78f-4f65-b9e8-1c49d27585c8,good quality,positive
55c66c0c-6d43-461c-bd10-136fb6758697,not good quality its very small size,negative
f6afd217-951e-481b-937a-156de7ddef38,audio jack is not workinglap is hanging for simple operations,negative
08b3e883-3bb5-4b91-917a-ede7146f37c0,dont buy this rice cooker it stopped working after replacement days go off and flipkart is not doing anything have got replaced also but same problem,negative
99e2cd8b-1d08-4186-b9b2-0a9c267a2992,i got damaged itemback panel was bendedoverall performance is nice but delivery and shipment was so poor,negative
28990b61-31c2-45b4-9030-ddb4c6a8a2b0,this hair oil is good for regular using for healthy hair growth,positive
97481292-0b9b-42b9-9ff0-1c285c6285b6,that is good but should be made in india,positive
28c366e2-7486-45d7-ad30-44f938e0b0f3,very nice osm,positive
a06523fb-4407-4541-a3f5-ad8bca461cee,good,positive
f68cf740-0343-402a-a148-9170b8f7703b,i love it,positive
a48172dc-5a5b-41d7-800e-1f82da592994,the outer box is damaged not sealed also,negative
42f7f488-cce0-45d6-b0e5-50deafbedcdf,just amazing,positive
35a7d2f0-faa3-4463-b042-fe377ea621e6,good product,positive
e0072df8-80cb-48a0-bc88-5f592cb630da,very good product,positive
ed82ba67-9349-4ac4-8890-57cf49ad3e03,really reliable way to make better use of your tv its a very simple and easy setup and doesnt require too much hardware i can now watch youtube on my notsosmart tv because of which i really learned some new and interesting stuff and it has improved my quality of life overall highly recommended,positive
8f7973e7-1d55-4bca-9926-5fcdbba899a9,good budget bar got at big savings day so good soundbar at sale daysbass and sound quality for rate payed but no display indication showing volume increase or anything rest its a good soundbardelivery unit good ,positive
97d2a06e-26f7-4ba5-89b3-f891091f7d2c,packaging was not good both externally and internally product was ok but not yet satisfied,negative
0ee476e0-3068-4ee6-a8dd-4839a5fb82ae,the quality is poor,negative
cbcdbff5-5e0e-41f7-8d06-9529dfc503fc,india number 1 company lenovo good ,positive
6df3ebde-dc16-4169-8ea4-fbb5173b7089,i m note heppi,negative
e1ccae49-fb88-4a68-8a9f-d1575ab136fb,good,positive
77da16a0-95e1-405e-81c7-0b3528f0ef38,not worth this price,negative
82c9c033-fd67-4a0e-9e08-2e8b90fba7cd,good product thanks for flipkart for given quality products and services,positive
725d895b-5363-4576-b3d1-72c263aee0f1,nice product,positive
ab18719a-d176-4e86-8f86-ffaa1a1680fd,good value for money,positive
1d213d03-3d28-4d7c-aa1f-24cd178d459f,dont buy any bajaj product no one will come to you for instattion you have to buy inlet and outlet pipes from local market and you have to install it by yourself only and if you by yourself there is no guarantee of this product,negative
a31a47e3-1362-4e73-9a0d-a89160bb5509,after 1 month not working,negative
e53dc475-d7c5-4380-a6fa-4c9fedfc4f9f,very bad product,negative
6ba33d05-a51f-4e7f-b77e-f0f21a87c2ec,it is very short no a long,negative
9f7a6e27-27f3-4416-9ef3-f735bbd1f7a7,getting more sound from laptop after using 2 to 3 hours and heat is more,negative
03d9611f-3d86-4c49-ade4-ca7378449096,nice and good quality brand,positive
d5e23bcd-b1dc-4659-8ec5-342b636cb2f0,chief and best,positive
e882f2dd-d62e-468e-8b5a-b04436c726a1,vary bod productlow quality,negative
c0b86837-323f-4043-bd4f-8ef0230d6578,positive length of cable design and colourlook negativeit is not fast charge takes 1hr for 2030cost is highperformance like local brand sorry im not full satisfied with is product ,positive
1b2872c7-e42f-449b-b5f8-bb711ebaac7d,wasted money loss,negative
c3b5a07b-108a-46d9-937e-9eba47b59cc3,a good smartphone that is perfect for the budget segmentbut note some points 1 camera watermark feature missing2 no slowmo mode in video camera3 battery is draing quite fasthoping to get those features in next updates,positive
adf8459d-7e2f-44be-8fd7-1157450e696e,very poor quality product,negative
41b67a8a-057a-4a77-9408-15796db748a0,its varst shoe size is not correctand it cannot be able to return option,negative
66204572-f884-4447-83e6-f96dfd58841e,bad,negative
797f88d2-20be-4a01-8b45-36a04dfb3183,fair,positive
21b2e3e0-c06c-493a-b94d-42fc673e950b,nice,positive
fa941b99-a545-4e76-a644-bb8add045d9c,picture quality is very dull,negative
013fb5ce-2577-4b02-abef-c8827570c102,amazing,positive
73973255-2965-40f9-a6ec-7f9b34b8408d,worse product never buy,negative
4ec2d3c5-9079-4a98-9e07-08c2ca89e6fa,bad product,negative
33a5347b-1a78-4959-8360-dee12691cb47,bad quality very very bad quality dont buy,negative
b6ae0175-9b7b-45e4-8abb-dc9ce591fffb,very nice one and it really helped us help my kid online classes by displaying on bigger screen and maintaining distance using the mobile mirror featureit requires wifi connections to be shared with your phoselaptop overall a very good product for current wfh scenario and using tv instead of mobile for betterment of our eyes,positive
d7f0edba-3580-4335-aeb0-054e0d0e5c2a,not a good body delivery of this product is not safe it get break working is also not good ,negative
faba89b7-328f-4741-9734-24a860d7de9e,not very good,negative
b23e0bf0-f785-49f6-9b18-2290de586792,item very bad,negative
e87fbd13-3c6d-438c-812c-280918236e73,very good ,positive
ce82f30e-9e14-4586-8c5b-6ffe5b9b8197,its superb in voice an design but cant keep it on ears for more then 30 mints as sweat happensan microphone cant capture the voice clearly on phone calls other features good,positive
f7a9256f-740c-4424-8d21-1dce8cd4f6b4,its really comfortable and value for money product ,positive
ab60e916-a0e7-4b8b-b7d7-a27fcaea16a7,purse is good but size is too small size of purse is not good,positive
2f1a341c-c49b-4a77-a60b-9f4d82b01de1,super,positive
c7b59828-1802-47b8-bacf-d358417c4863,good,positive
8003daa1-a4e5-4164-b733-7690ed98fa31,my first dslr camera photo is very good this camera has some photo taken from camera,positive
50e2022c-73f7-42ae-bd91-dbc81aa08828,good,positive
52547739-c673-4c19-86dd-387adf193ffc,awsome product i purchased this for gaming and i use it regularly battery is awsome like 5 to 7 days also pubg lover should buy this boat awsome ,positive
39edc27d-d3b6-43a0-ba36-4f01d3fc2fef,no nice,negative
35873006-66a7-402b-b62d-2f2ceeb20068,best product,positive
46940546-76d7-45b8-932a-a21895c1ec18,roller wheel not working smoothly and i dont like its stability alsopad not wetting properly,negative
40e23f2e-03ad-4b52-9909-dde800a6675f,trivet is not fit worst cooking plate,negative
4e574a3d-c521-4a94-94a2-fe7b9ec1868c,its detected or not connected by my laptop,negative
50ba9bcd-8b15-4452-8aa1-5a166465bb6c,awesome fragrance with beautiful packaging ,positive
2e0ca9c2-7ac7-40b0-b01e-3c18f4df43b8,this is the best available in the market for cocoa drink and chocolate cake,positive
46e67f09-e38a-4cf5-a0af-ee9d56178ee5,not goodsize is too low,negative
81d3614b-1c4a-4a8e-9ab2-af10d7aa38d9,awsum products,positive
01ce3711-e5ea-4c90-9621-c998979b249a,totally west of money,negative
3d1a23c5-96fe-4b10-b55e-890500d8d5e6,water comes insideback foot were missingcooling is not great as we get in lgfreshness missing which is so good in lg,negative
23d00dfb-ac0c-4414-8c9f-b3de77aebd69,bad quality,negative
34e5061d-c76e-49b1-af08-8cf1a89deeaf,product was awesome very good,positive
dae3368d-432c-4591-9908-7fd1d363afa7,amazing,positive
a977d4c7-b3ec-4742-bff6-25e2e038965f,very bag product and very very bad service,negative
c37eabb3-f138-44c9-ae17-bd7c7b588a78,i love this ,positive
7ba9d04f-a09d-44ae-9044-101f933a8be1,fabric is too good,positive
350e35c5-d8b7-4fb3-8b86-e9d0b45602c2,good product,positive
640d0455-bc9f-4762-bd53-ef63f4fc10fc,after using 1520 days this product has stopped working very bad experience i had with this waste of money,negative
864b7c75-fa9f-4435-824e-7834c043b832,first of all its not leather dont buy this thinking its leather,negative
0fa24587-ff3d-481c-a366-3765066a45a4,something is wrong with this doesnt cook the rice perfect,negative
4edce1a3-a1e8-46af-a058-96b90772b10a,sound is very poor not expected with mi,negative
a37f8b6b-90be-463c-aaac-969de34e2104,bad,negative
ae76dcf6-3ead-494d-9031-7f4a0e7699b3,gud,positive
132beb9d-4b25-4a7c-8b41-30c3fee8914e,cost is much higher company can rethink product is good,positive
e4dc5ea3-c29e-4134-94d0-5d784301f288,thanks flipkart,positive
e8706803-b368-4a84-b022-73c0aed6b89c,not fitinge dont purchese,negative
f680291a-ab67-4443-b546-ab22dffa9c4b,very bad,negative
0625715e-67f2-4c9a-aab4-90b8dcd7d10c,very good product,positive
dbbafbc4-1916-4a44-90fe-f778cfc0e06a,nice car,positive
90e3b956-0745-4ce1-9e86-33bef0d2dd42,very nice,positive
e25452c5-1fa5-4349-bc21-724cbe19cbe4,not worth,negative
f59307b3-9f78-407a-abfc-56d24917b64b,no use its not working i request all of you dont buy this,negative
c50066c9-11e3-424d-9342-9ab4ea67c75e,quality is very bad air inlet valve went inside the ball when filled air the second time after purchase ordered one more again similar issue,negative
40710868-521a-4a00-b747-2e1bbfdaf131,this product is vary amazing this is a very very best for prise,positive
6d2e76c9-d9a2-402c-844c-4187a48aee78,overall performance is very good only batterys issue hardly 35 hrs for normal usage but okay with this configuration and amount no issues can bear with that,positive
07ca48f0-7fd4-4cc4-9e2d-7a361f5255c7,waste of money not recommended at all face powders are far better than this,negative
8081b4cb-9141-4489-a96e-43562c2eccf4,compartment division glass type is very thin so it can break easily disappointed about glass given inside,negative
2bf83c90-f752-40c3-9ac1-785bc83ff7b0,good productthanks flipkart ,positive
66f1b9c7-3db9-40bd-8149-a649c68f5feb,excellent original product thanks flipkart,positive
20ab75a3-3d35-4d48-81ef-c3c350b62c36,plastic body but not strongloud soung in internal parts low quality plastic used,negative
4f4a6a1f-1858-411b-8399-26a071135e5f,bad size,negative
d7b7ff69-663d-46be-8721-b7025d3b766e,finishing is not good not properly placed on table,negative
508bc9ee-4d22-46c3-a486-a0b19021505f,very good product,positive
8252596c-cda1-498d-870e-4de1f306d137,dissatisfy with this product,negative
95cf664a-88de-4047-8061-85dd6a5b4917,nice,positive
def1a25d-34fc-4844-ac04-953fac9e07c6,bat quality,negative
95e2b046-1f4a-4c6a-93b3-6144e894605a,nic,positive
a4e5cdda-5693-45c4-993b-b8771e93e2af,heating problem,negative
b8700120-0a14-40d6-9732-c209ffdf68c5,soundbar is amazing connectivity is very fast its gives proper sound delivery and perfect bass performance getting addicted to listening songs on this beautiful product thank you mivi,positive
3c752b91-5307-4019-b0a4-8970c006b748,good,positive
458e3e50-1954-4ab3-baa7-6154b4f93069,defectiveslow processing and poor connectivity problemproduct received however flipkart unable to replacement and even brand says flipkart only replace product as per policy shopping with flipkart without return policy is waiste of money and time,negative
dd1a4c3e-5960-47e0-a45a-909fce3a97c0,very nice,positive
294eb75b-3e63-441a-aee1-f9e0fd2084a6,good,positive
a45efee8-5005-44eb-bcae-a9dea57440cc,not good,negative
dbaa4f51-ed95-49d3-8396-9e89d465cb22,freezer does not convert to fridge,negative
3beae258-2c13-4b45-a5cf-a027fb356c92,nice camera,positive
f5a2ac9d-a3e5-4f4a-a4df-721c54b69cc6,worst i tried to raise complaint 45 times but no response water pumping problem,negative
503a5904-6e9d-4cae-b1f6-3640be35b832,bowl is damage,negative
7270a94d-484d-4999-99da-82f29c4e3bcb,this is amazing wallets and this is very useful item ,positive
d704533d-704d-4151-b2ee-4c9e9a17e06f,best deal you can go for it,positive
f74ffe10-7916-43dd-a297-b40eafa23637,google is not working i cant browse the internetmy tv in home have google which i brought 8 years ago but in this mi tv i cant access voice is not clear i have to use my headphones or bluetooth to listen while connecting phone or laptop the video gets stucked and it gets blured in between and sometimes the video gets hanged need the replacement of tv with proper voice and access to google or change the hardware,negative
569eca16-e3ab-4ab2-aecb-01073f621a63,15l of quantity in such good price is awsmm for students boiling is very quick sad part is outer body also get too hot which makes inconvenience it was three days since purchase and till now i have made tea boil water maggie and soup its very easy to handle if you r good at cookingi love the packaging and delivery was also quick so overall i love the product and rest depend on how long it will work thank you flipkart,positive
7ac10918-c468-4174-9922-4c823cec5a89,good ,positive
577ebc6f-76ff-4a42-aab6-5a848300f216,very very nice productit will make the water heat within minute and save more electricity ,positive
cff053ba-da28-43a5-93cd-e1dfcbaaee7d,very poor product,negative
a8375e7b-e134-42b3-bf79-6a9cce0fbfc2,bad quality,negative
2e3dd016-886c-411a-b938-53183eaf639d,lot of distortion no return not even replacement please dont order this in this big billion days seller is always cancelling return items even in 60 sound you will see distortion some times you cant even connect to the lap mobile,negative
2e532b08-0f89-430e-af4a-59cce70b791d,very nice ,positive
abf0b0d0-6413-4a2f-bbc0-044b6c3dcab6,nice product at par with alexa needs further improvement,positive
7667a958-6eee-47cf-b446-f64bcbd8d94d,pump is very low qualitynot able to supply water properly to topdont waste many buying this product,negative
dabde256-fb8e-4ba7-8fde-b90d1087a8d9,good,positive
a33d296f-a64e-44f4-b1d9-c7823e4c369f,good,positive
46ed6346-d012-4756-bd8f-393cd3adbfc0,worst failed thrice in a year fuse remediation is rs 150 per time,negative
ded75aed-e90c-4735-8a5d-41dc6df4766d,very good product ,positive
607469c2-a7bb-4ab8-9552-0d2713a5d3b0,perfect ok,positive
a6c2686b-e326-4b62-9b66-31a33e3c2f44,super very nice good working,positive
f5594790-80af-406e-bd91-1d7a1317e55b,very good qulity,positive
2461e910-89b3-4414-9e5e-7a314669dda4,the cooler looks good but it is as not effective as it is detailed the length of the pipe that connects the water motor is too short and keeps coming out,negative
ae8fd214-b06c-48b0-a57d-5baba186b2de,this is the best actually i received this as my birthday gift from my loved onei liked it very much,positive
858130fc-e777-4531-aeab-d24f8976fb5a,very good,positive
ed18c0c7-8462-4173-a93b-aa2b241a787d,comfortable,positive
63fd5a67-68db-4a1d-a40e-e41c19787cd0,donot purchase this watch no quality nothing to say any good thing,negative
23b973e7-47d6-449c-9be9-baf519292d3e,good,positive
7254b032-7ad2-4d9c-a30f-b73dda61d001,nice,positive
1a0be7f4-abae-4d38-a4c2-cfa305820c56,satisfied with overall product just think that maybe it should have taken lesser time to heat takes around 25 min before it gets autocut ,positive
7ec80cc7-1a91-415a-ba02-78b42dabee9c,very good one l have prepared cakes and chicken tikka it is working good no issues,positive
2245ec1d-ee97-445d-ac8c-839d8c71ff8b,product is not good the air in side the football is coming out i have to fill air daily,negative
b8795990-8939-42a8-9867-784ca70a5f8e,very bad,negative
457edbb6-0a2a-4150-bfdd-5588c9cb7306,soft quality nice looking product in this price point,positive
bf1ee536-85e0-4c22-9125-1fbf850a5fab,auto power cut stabilizer not working,negative
3894cd96-f5c4-49ee-9664-4330c5155089,normal trance print packing product good ,positive
1f2bf45e-7ffe-45ef-9f6d-b3ac09a6f41e,excellent shoes for daily use which looks like a sports shoes suites for work and bike rides alsoquality of the lace is not that great but for price tag its a must buy,positive
7309649e-b6ee-4f0b-b280-c188c00d08ab,nice grip,positive
af1ad58d-a56d-4520-87d9-48ca01e84599,best quality,positive
3974ae84-e8af-4d9f-81d5-a8974da1382e,bad sound quality,negative
1836bc87-70d1-49a9-8d1f-9f126c0df64f,super ,positive
dedc34bc-fbed-4b38-8c87-853ca8d166f7,nice product,positive
1ad2a908-ae0a-468c-a1c2-015116285d1d,not bad,positive
96919c9d-2dcc-4d36-9eb8-781dbfc3cff8,totally bad dont buy,negative
df59f981-1077-4059-bb68-2afb54ab28fd,good for small work dont buy for large scale production,positive
3a42b480-de47-4aab-a503-abf13175e366,worth purchase,positive
632e771b-df1b-4969-8e7a-ed26fc9dd478,i found my product after a month after order they reduces price of the product i lost rs 1000 approx they should refund the rest amount and also my refrigerators veggie container was broken i suggest dont buy from here,negative
03246c53-ce68-42db-8f83-9f550c6fe1ff,super nice,positive
c3b4fd90-837a-416d-8b24-4ca0f6e5b87c,worst experience from flipkart and seller,negative
ad0b768f-b829-4dae-9a7f-2057607cc1d3,very good,positive
f4ca2b6f-e584-489d-8459-50eb9734b68c,the product was not working well so i placed a replacement order but no one came for chekup for replacement and hence replacement was rejectedi am stuck with this product also the packing was extremely bad please dont go for buying heavy items in flipkart,negative
445c65ff-a667-4e08-9e87-87296dd433f8,1 the fan speed was too good 2 cooling is very nice and in summer too it had given immense cooling effect355 litres capacity so half day sufficient for usagein summerin winter more hours it will run with that water4 there is valve at bottom so we can drain out the water and can keep it aside in non usage period like winter5 shape was too good go for it blindly,positive
cf9bf500-099a-486d-85e1-3ec98d6f387f,nice must buy this,positive
215dac9f-8965-42e7-992c-8e6407cd1d88,dont waste money on buying this this charger didnt work its magnetic pawer is also not good i just hated this,negative
2dbb4b42-8ef2-42c1-b111-83595bf341c9,unsatisfactory,negative
c867fbad-3997-4eae-927b-8192465a7a61,nice,positive
15569506-1ade-454d-944c-9fce20907d96,i bought it last weekstopped working in 1 dayvery baddint buy,negative
07a04138-5c1e-4a87-9f13-488afe041894,comfortable,positive
fc01f033-9007-4579-8e22-ce49664176b3,not good,negative
fe807c9f-797d-4f2b-91ca-9ed9d1fb9270,nice sirves,positive
318f8a8f-1094-4540-88e5-233936548a31,my mother is an arthritis patient i bought it for her but it is not even near satistactoryhope you donot buy it,negative
80f6d5e5-528a-483b-9be6-9ef7f7dee5f9,it is good,positive
ed39122f-8390-463f-af41-9b3947894345,very good,positive
13495c2f-fed4-4e4c-a49a-8218831bc6aa,the product is nt working after 13 days waste of money dont buy this,negative
f0d56ae3-15d0-412a-8b18-623c842eab50,nice ,positive
a502e7fe-582e-42fb-8f3a-8d702eea3f11,bad product dont buy,negative
59e068cc-50db-4bb8-97b2-802ef155cbe8,bad quality,negative
4ede7e48-e2b5-4e87-b1a6-fd49ea1611be,product its ok but built quality is too low,negative
1543761e-4a62-44a1-9a18-999a1a2b481a,useless,negative
c5a008d8-deeb-4b64-a0c6-5df86f0579b7,good product,positive
9886b9a0-fc85-4cf3-bc47-ab19d000f18d,not ok product handle broken,negative
96c2b57d-6a46-4f0a-83a6-f0ef77d2c9ba,good products,positive
c27bcb22-3454-409b-a639-4eb945491a28,while the fan and motor quality is good the problem with this cooler is its body the plastic is not very strong and the vent in front is problematic as the horizontal plastic pieces do not remain at their place leading to less air flow it is a big let down and request crompton to replace the plastic mesh in future rest of the body is also quite shaky,negative
4308a102-579e-4909-acda-e21e80885597,good product,positive
c72c35ac-f244-4f00-9b6f-2ab8ea084932,good productbest ball for this priceit can be used in hard groundsshould not miss it,positive
14c58e16-289d-43ed-add9-905169cf6c66,its not space,negative
80257381-a150-4129-98d6-f5b1e2f17fb1,from the first day the pump was not starting thus the air was not coolreally horrible experience,negative
b0bdf0dd-00c1-411d-9e86-c9f28868c944,poor sound quality,negative
7ea1f3d2-d5c3-44ca-b30b-8936ac17f391,it is like rubber ball,positive
fb87dd41-8081-413d-95cc-8d892c1c58dc,nice quality,positive
ad5303e1-c547-40c1-b084-49e31e8af6e1,very bad productafter few months it wont workdont waste your money,negative
958270ea-10e5-415f-8068-f17776fe3901,very nice product,positive
4cfe7fc6-7f4e-4adc-bb67-782ea8635555,working no good,negative
9c16777f-c605-4bea-801c-33a6688738b8,very bad,negative
c762f482-b644-41af-a8d0-df230faaf924,nice,positive
712c42ef-c47b-4fec-910f-555a740b7b48,product was very good quality also good thank you flip cart for good product,positive
9c6a553b-b029-4481-9e5e-8bc41b2d5499,awesome ,positive
9684f680-2d40-48b6-a9d2-ca8a891ad1d1,charger was damaged,negative
6e03d52a-2b21-47a6-a622-903bce8265d6,very good,positive
914edc7c-524f-4ef1-a312-0b4750eb589e,writing this review after 5 days of usage it is mind blowing device i have lg lcd 32 inch tv initially the device took sometime to create cache and initially you will feel the device is slow but gradually when it starts to create cache it started working like magic you just need to keep it connected to wifi even if you are not using it just keep it idle dts sound is awesome picture quality is superb overall awesome product happy with it,positive
993dddcd-e66f-4e5e-ab4d-374d3d321eea,money west,negative
d72c5267-b0d1-475a-afa8-b6dfc60fd296,nice product,positive
abb07ea3-0fb8-40f7-8097-10f8c4fdeb31,excellent quality,positive
36460932-99c0-40d3-8143-02c6acf22958,very tight i dont like it,negative
28ba5d64-2a73-4207-ad6d-b7b6ee05838a,good supplement,positive
db35831e-7d45-4a9d-8d8d-e29dff818198,not so good,negative
9a8ca00c-26ee-4554-8df4-f190812cf9e5,quality is bad within 4 months after purchase dirty water started leaking out from the lower right side of the front opening door the water leaks while the machine is in operation the machine also became more noisy as days passed since purchase food stains remain in the utensils in the upper tray which have to rewashed after taking them out from the machine,negative
7feeac16-3f0d-4c39-be1f-441a3795f2c4,very good product ,positive
4babbdae-e87f-452c-af7a-2ad69cfb9a43,best product under the range excellent productordered two kettle but one of them has scratches on it may it was the fault of delivery authorityreplacement acceptedotherwise it would be 5 star,positive
064c2a09-18f6-431b-b0bd-3c48c4ff2fbb,casting not properly supported like video and images,negative
9cba414e-ddf6-447a-a6c3-0b81ba7eac91,remote is not working,negative
7a91578f-c38a-4f80-975c-3118108fa8f5,its is very bad,negative
4f9deaed-969c-4d19-9c00-bb82e82c1d90,bad quality,negative
83e28d8a-900a-4a62-a871-96bcceab7d2a,impressive effective sweat on fingers make the screen smudgy inconvenient for playing games this can help a lot in this regard,positive
05c70ed3-d4cc-48c5-ba69-2f161ba822ec,bad product,negative
454bbd69-d957-4145-a472-45ebda041100,super machine no words to express all kinds of stiches are perfect only one confusion oil application is needed or not not mentioned in instructions,positive
49d2492b-8b4c-43cf-878b-01c433f5fca1,soundbar is good bass is excellent but flipkar service is very poor my soundbar has one side damaged i request for exchange the product but they not respond and after 7 day they cancel my request i call to customer care he tell my flipkar team contact me but they dont very poor thing done by flipkar,negative
